name,type,lat,lng,tags
Chamberlain,park,36.226637335848345,-95.98903967585889,Full Address: 4940 N FRANKFORT; Operational Hours: Daylight; Size of Park: 14.0; Website: http://www.cityoftulsa.org/government/departments/park-and-recreation; Playgrounds Available: Yes; Water Playground Available: Yes
Lakeview,park,36.210626759904066,-95.95137963666592,Full Address: 3829 N COLUMBIA AVE; Operational Hours: Daylight; Size of Park: 9.63; Website: http://www.cityoftulsa.org/government/departments/park-and-recreation; Playgrounds Available: No; Water Playground Available: No
Starks (Cheyenne),park,36.179674770143514,-95.99759859241522,Full Address: 1622 N MAIN ST; Operational Hours: Daylight; Size of Park: 3.78; Website: http://www.cityoftulsa.org/government/departments/park-and-recreation; Playgrounds Available: Yes; Water Playground Available: No
Explorer,park,36.08228082926643,-95.89661756374683,Full Address: 7807 E 58TH ST S; Operational Hours: Daylight; Size of Park: 4.7; Website: http://www.cityoftulsa.org/government/departments/park-and-recreation; Playgrounds Available: No; Water Playground Available: No
Admiral,park,36.160465222953455,-95.96595383211867,Full Address: 29 N VICTOR AVE; Operational Hours: Daylight; Size of Park: 2.3; Website: http://www.cityoftulsa.org/government/departments/park-and-recreation; Playgrounds Available: Yes; Water Playground Available: No
Darlington,park,36.121539150736524,-95.91745575992977,Full Address: 5179 E 29TH ST; Operational Hours: Daylight; Size of Park: 4.86; Website: http://www.cityoftulsa.org/government/departments/park-and-recreation; Playgrounds Available: Yes; Water Playground Available: No
Creek Council Oak,park,36.13616478875659,-95.98995271031586,Full Address: 1750 S CHEYENNE AVE; Operational Hours: Daylight; Size of Park: 1.87; Website: http://www.cityoftulsa.org/government/departments/park-and-recreation; Playgrounds Available: No; Water Playground Available: No
Hinch,park,36.13772230135265,-95.80485499346753,Full Address: 1616 S 157TH E AVE; Operational Hours: Daylight; Size of Park: 5.0; Website: http://www.cityoftulsa.org/government/departments/park-and-recreation; Playgrounds Available: No; Water Playground Available: No
Skatenorth,park,36.23283440404543,-95.94833229385254,Full Address: 2910 E 56TH ST N; Operational Hours: Daylight; Size of Park: 62.4; Website: http://www.cityoftulsa.org/government/departments/park-and-recreation/sports/skate-parks; Playgrounds Available: No; Water Playground Available: No
Norvell,park,36.16613247762885,-95.8916910134885,Full Address: 722 N 77TH E AVE; Operational Hours: Daylight; Size of Park: 6.0; Website: http://www.cityoftulsa.org/government/departments/park-and-recreation; Playgrounds Available: Yes; Water Playground Available: No
Philpott,park,36.10844197149255,-96.00528515247932,Full Address: 1114 W 37TH PL; Operational Hours: Daylight; Size of Park: 1028.0; Website: http://www.cityoftulsa.org/government/departments/park-and-recreation; Playgrounds Available: Yes; Water Playground Available: No
Summerglen Plaza,park,36.11031715359828,-95.82411365586356,Full Address: 3607 S 139TH E AVE; Operational Hours: Daylight; Size of Park: 20.0; Website: http://www.cityoftulsa.org/government/departments/park-and-recreation; Playgrounds Available: Yes; Water Playground Available: No
Terwilliger,park,36.14508695573095,-96.05927383670394,Full Address: 5902 W 10TH ST; Operational Hours: Daylight; Size of Park: 8.0; Website: http://www.cityoftulsa.org/government/departments/park-and-recreation; Playgrounds Available: Yes; Water Playground Available: No
Gunboat South,park,36.144386892261004,-95.98121857012362,Full Address: 1230 S FRANKFORT AVE; Operational Hours: Daylight; Size of Park: 0.25; Website: http://www.cityoftulsa.org/government/departments/park-and-recreation; Playgrounds Available: No; Water Playground Available: No
Boeing,park,36.15891826049663,-95.87322960029951,Full Address: 9234 E 2ND ST; Operational Hours: Daylight; Size of Park: 34.0; Website: http://www.cityoftulsa.org/government/departments/park-and-recreation; Playgrounds Available: Yes; Water Playground Available: No
Carl Smith,park,36.13337805864703,-95.78583668843969,Full Address: 17120 E 21ST ST; Operational Hours: Daylight; Size of Park: 149.0; Website: http://www.cityoftulsa.org/government/departments/park-and-recreation; Playgrounds Available: Yes; Water Playground Available: No
Wright,park,36.15413974823136,-95.82426090470344,Full Address: 437 S 137TH E AVE; Operational Hours: Daylight; Size of Park: 4.66; Website: http://www.cityoftulsa.org/government/departments/park-and-recreation; Playgrounds Available: No; Water Playground Available: No
Jingle Feldman,park,36.16698597405103,-95.87555103542797,Full Address: 8989 E INDEPENDENCE ST; Operational Hours: Daylight; Size of Park: 5.0; Website: http://www.cityoftulsa.org/government/departments/park-and-recreation; Playgrounds Available: No; Water Playground Available: No
McCullough,park,36.12749427865694,-95.84679197319382,Full Address: 11534 E 25TH ST; Operational Hours: Daylight; Size of Park: 11.5; Website: http://www.cityoftulsa.org/government/departments/park-and-recreation; Playgrounds Available: No; Water Playground Available: No
Mohawk,park,36.22098088724951,-95.89123344569363,Full Address: 5701 E 36TH ST N; Operational Hours: Daylight; Size of Park: 3170.0; Website: http://www.cityoftulsa.org/government/departments/park-and-recreation; Playgrounds Available: Yes; Water Playground Available: Yes
Plaza,park,36.142258336775235,-95.81603115355571,Full Address: 1404 S 145TH E AVE; Operational Hours: Daylight; Size of Park: 12.62; Website: http://www.cityoftulsa.org/government/departments/park-and-recreation; Playgrounds Available: Yes; Water Playground Available: No
Reed,park,36.10191669597241,-96.01589836577514,Full Address: 4233 S YUKON AVE; Operational Hours: Daylight; Size of Park: 29.2; Website: http://www.cityoftulsa.org/government/departments/park-and-recreation/community-and-specialty-centers/reed-community-center; Playgrounds Available: Yes; Water Playground Available: No
Stuart,park,36.18026183928387,-96.02829860904195,Full Address: 1400 N GILCREASE MUSEUM RD; Operational Hours: Daylight; Size of Park: 100.78; Website: http://www.cityoftulsa.org/government/departments/park-and-recreation; Playgrounds Available: No; Water Playground Available: No
West Highlands,park,36.07499071570573,-96.02213248010568,Full Address: 2626 W 61ST ST S; Operational Hours: Daylight; Size of Park: 29.95; Website: http://www.cityoftulsa.org/government/departments/park-and-recreation; Playgrounds Available: Yes; Water Playground Available: No
Hawthorne,park,36.20237488592891,-95.97905215845154,Full Address: 955 E 33RD ST N; Operational Hours: Daylight; Size of Park: 5.73; Website: http://www.cityoftulsa.org/government/departments/park-and-recreation; Playgrounds Available: No; Water Playground Available: No
Oxley Nature Center,park,36.22363034731943,-95.90395473303909,Full Address: 6700 E MOHAWK BLVD; Operational Hours: Daylight; Size of Park: 745.0; Website: http://www.cityoftulsa.org/government/departments/park-and-recreation/community-and-specialty-centers/oxley-nature-center-and-redbud-valley; Playgrounds Available: No; Water Playground Available: No
Benedict,park,36.14474755501243,-95.96729303353139,Full Address: 1630 E 12TH ST; Operational Hours: Daylight; Size of Park: 3.8; Website: http://www.cityoftulsa.org/government/departments/park-and-recreation; Playgrounds Available: No; Water Playground Available: No
Highland,park,36.11199859534429,-95.92121207508191,Full Address: 4909 E 36TH ST S; Operational Hours: Daylight; Size of Park: 3.5; Website: http://www.cityoftulsa.org/government/departments/park-and-recreation; Playgrounds Available: Yes; Water Playground Available: No
Loving,park,36.16972670172032,-95.87279443567347,Full Address: 9162 E LATIMER ST; Operational Hours: Daylight; Size of Park: 10.0; Website: http://www.cityoftulsa.org/government/departments/park-and-recreation; Playgrounds Available: Yes; Water Playground Available: No
Mini Park II,park,36.148226224543855,-95.99265166570832,Full Address: 401 W 7TH ST; Operational Hours: Daylight; Size of Park: 0.68; Website: http://www.cityoftulsa.org/government/departments/park-and-recreation; Playgrounds Available: No; Water Playground Available: No
Pratt,park,36.13784404550593,-95.94472887878541,Full Address: 1621 S FLORENCE AVE; Operational Hours: Daylight; Size of Park: 1.12; Website: http://www.cityoftulsa.org/government/departments/park-and-recreation; Playgrounds Available: No; Water Playground Available: No
Sequoyah,park,36.17328290397637,-95.93653568875408,Full Address: 3540 E NEWTON ST; Operational Hours: Daylight; Size of Park: 10.16; Website: http://www.cityoftulsa.org/government/departments/park-and-recreation; Playgrounds Available: Yes; Water Playground Available: No
Turner,park,36.153651880407686,-95.93792722167518,Full Address: 3503 E 5TH PL; Operational Hours: Daylight; Size of Park: 8.69; Website: http://www.cityoftulsa.org/government/departments/park-and-recreation; Playgrounds Available: Yes; Water Playground Available: No
Wheeling,park,36.18544088881741,-95.96514039113681,Full Address: 2209 N WHEELING AVE; Operational Hours: Daylight; Size of Park: 2.11; Website: http://www.cityoftulsa.org/government/departments/park-and-recreation; Playgrounds Available: Yes; Water Playground Available: No
Zink,park,36.117616448703004,-95.96993910758485,Full Address: 3216 S TRENTON AVE; Operational Hours: Daylight; Size of Park: 14.9; Website: http://www.cityoftulsa.org/government/departments/park-and-recreation; Playgrounds Available: Yes; Water Playground Available: No
Gilcrease Museum,park,36.17431878784367,-96.02104819003203,Full Address: 1400 N GILCREASE MUSEUM RD; Operational Hours: Daylight; Size of Park: 342.41; Website: http://www.cityoftulsa.org/government/departments/park-and-recreation; Playgrounds Available: No; Water Playground Available: No
Berry,park,36.2265817636655,-95.96500785372382,Full Address: 5002 N WHEELING AVE; Operational Hours: Daylight; Size of Park: 13.73; Website: http://www.cityoftulsa.org/government/departments/park-and-recreation; Playgrounds Available: Yes; Water Playground Available: No
Braden,park,36.150030304072736,-95.91884411948749,Full Address: 5036 E 7TH ST; Operational Hours: Daylight; Size of Park: 9.44; Website: http://www.cityoftulsa.org/government/departments/park-and-recreation; Playgrounds Available: Yes; Water Playground Available: No
Cathedral Square,park,36.14619727107936,-95.98821646738433,Full Address: 22 W 10TH ST; Operational Hours: Daylight; Size of Park: 0.34; Website: http://www.cityoftulsa.org/government/departments/park-and-recreation; Playgrounds Available: No; Water Playground Available: No
Cousins,park,35.98826017696071,-95.92228991523878,Full Address: 4514 E 121ST ST; Operational Hours: Daylight; Size of Park: 42.76; Website: http://www.cityoftulsa.org/government/departments/park-and-recreation; Playgrounds Available: No; Water Playground Available: No
Crescent,park,36.04103610166801,-95.89701483507407,Full Address: 8501 S 71ST E AVE; Operational Hours: Daylight; Size of Park: 12.86; Website: http://www.cityoftulsa.org/government/departments/park-and-recreation; Playgrounds Available: No; Water Playground Available: No
Howard,park,36.12610286376238,-96.00727318428049,Full Address: 2510 S SOUTHWEST BLVD; Operational Hours: Daylight; Size of Park: 7.15; Website: http://www.cityoftulsa.org/government/departments/park-and-recreation; Playgrounds Available: Yes; Water Playground Available: No
Page Belcher Golf Course,park,36.06678376918159,-96.01475726983209,Full Address: 6666 S UNION AVE; Operational Hours: Daylight; Size of Park: 316.02; Website: http://www.cityoftulsa.org/government/departments/park-and-recreation; Playgrounds Available: No; Water Playground Available: No
River Skate Park,park,36.12867041617687,-95.9941834843854,Full Address: 474 W 23RD ST; Operational Hours: Daylight; Size of Park: 2.0; Website: http://www.cityoftulsa.org/government/departments/park-and-recreation/sports/skate-parks; Playgrounds Available: No; Water Playground Available: No
Shannon I,park,36.10848381745414,-95.85872247177387,Full Address: 3670 S 106TH E AVE; Operational Hours: Daylight; Size of Park: 1.53; Website: http://www.cityoftulsa.org/government/departments/park-and-recreation; Playgrounds Available: No; Water Playground Available: No
Dream Keepers,park,36.13529648464177,-95.98744301144075,Full Address: 1875 S BOULDER PARK DR; Operational Hours: Daylight; Size of Park: 15.0; Website: http://www.cityoftulsa.org/government/departments/park-and-recreation; Playgrounds Available: Yes; Water Playground Available: No
Woodland View II,park,36.07955101014417,-95.88198731677416,Full Address: 7802 E 57TH ST S; Operational Hours: Daylight; Size of Park: 4.99; Website: http://www.cityoftulsa.org/government/departments/park-and-recreation; Playgrounds Available: No; Water Playground Available: No
Flat Rock Creek,park,36.21246912913497,-95.97131629402523,Full Address: 1501 E 36TH ST N; Operational Hours: Daylight; Size of Park: 210.63; Website: http://www.cityoftulsa.org/government/departments/park-and-recreation; Playgrounds Available: No; Water Playground Available: No
Haikey Creek,park,36.055758073170026,-95.8660902195815,Full Address: 7500 S 103RD E AVE; Operational Hours: Daylight; Size of Park: 31.6; Website: http://www.cityoftulsa.org/government/departments/park-and-recreation; Playgrounds Available: No; Water Playground Available: No
Helmerich,park,36.05496208111219,-95.97339453704818,Full Address: 7301 S RIVERSIDE DR; Operational Hours: Daylight; Size of Park: 78.0; Website: http://www.cityoftulsa.org/government/departments/park-and-recreation; Playgrounds Available: Yes; Water Playground Available: Yes
Shannon II,park,36.10664711099817,-95.85348674586561,Full Address: 10902 E 39TH PL; Operational Hours: Daylight; Size of Park: 4.89; Website: http://www.cityoftulsa.org/government/departments/park-and-recreation; Playgrounds Available: Yes; Water Playground Available: No
Mohawk Golf Course,park,36.21368634209156,-95.91813830514663,Full Address: 5223 E 41ST ST N; Operational Hours: Daylight; Size of Park: 312.0; Website: http://www.cityoftulsa.org/government/departments/park-and-recreation; Playgrounds Available: No; Water Playground Available: No
Chapman Green,park,36.15048393542744,-95.9887856095107,Full Address: 600 S MAIN ST; Operational Hours: Daylight; Size of Park: 2.0; Website: http://www.cityoftulsa.org/government/departments/park-and-recreation; Playgrounds Available: No; Water Playground Available: No
Langenheim,park,36.09515274929392,-95.93986130761586,Full Address: 4701 S HARVARD AVE; Operational Hours: Daylight; Size of Park: 7.74; Website: http://www.cityoftulsa.org/government/departments/park-and-recreation; Playgrounds Available: Yes; Water Playground Available: No
Joe Station Bark Park,park,36.151236266845245,-96.01551847144624,Full Address: 1723 CHARLES PAGE BLVD; Operational Hours: Daylight; Size of Park: 4.0; Website: http://www.cityoftulsa.org/government/departments/park-and-recreation; Playgrounds Available: No; Water Playground Available: No
Archer,park,36.16269545661366,-95.94684620451476,Full Address: 2831 E ARCHER ST; Operational Hours: Daylight; Size of Park: 4.8; Website: http://www.cityoftulsa.org/government/departments/park-and-recreation; Playgrounds Available: Yes; Water Playground Available: No
Kendall-Whittier,park,36.15280761595401,-95.95260481352018,Full Address: 2645 E 5TH ST S; Operational Hours: Daylight; Size of Park: 13.75; Website: http://www.cityoftulsa.org/government/departments/park-and-recreation; Playgrounds Available: Yes; Water Playground Available: Yes
Norberg,park,36.11577469818132,-95.8509004560612,Full Address: 3235 S GARNETT RD; Operational Hours: Daylight; Size of Park: 16.36; Website: http://www.cityoftulsa.org/government/departments/park-and-recreation; Playgrounds Available: Yes; Water Playground Available: No
Cowan,park,36.13560420488409,-95.8547435516945,Full Address: 10901 E 19TH ST; Operational Hours: Daylight; Size of Park: 4.87; Website: http://www.cityoftulsa.org/government/departments/park-and-recreation; Playgrounds Available: Yes; Water Playground Available: No
Hill,park,36.169650787680986,-95.99268939046101,Full Address: 210 E LATIMER PL; Operational Hours: Daylight; Size of Park: 5.05; Website: http://www.cityoftulsa.org/government/departments/park-and-recreation; Playgrounds Available: Yes; Water Playground Available: No
Lubell,park,36.08579558996213,-96.02490961013191,Full Address: 2909 W 56TH ST S; Operational Hours: Daylight; Size of Park: 16.0; Website: http://www.cityoftulsa.org/government/departments/park-and-recreation; Playgrounds Available: No; Water Playground Available: No
Minshall,park,36.05751674992809,-95.90898508580447,Full Address: 7404 S KINGSTON AVE; Operational Hours: Daylight; Size of Park: 31.0; Website: http://www.cityoftulsa.org/government/departments/park-and-recreation; Playgrounds Available: Yes; Water Playground Available: No
Quik Trip,park,36.0746194540103,-95.85559804309037,Full Address: 10750 E 61ST ST; Operational Hours: Daylight; Size of Park: 7.2; Website: http://www.cityoftulsa.org/government/departments/park-and-recreation; Playgrounds Available: No; Water Playground Available: No
Skelly,park,36.129693536457985,-95.88203688816613,Full Address: 8525 E 23RD PL S; Operational Hours: Daylight; Size of Park: 4.94; Website: http://www.cityoftulsa.org/government/departments/park-and-recreation; Playgrounds Available: Yes; Water Playground Available: No
Torchia-Oliver,park,36.00992878405009,-95.9451346361388,Full Address: 10519 S DELAWARE AVE; Operational Hours: Daylight; Size of Park: 46.0; Website: http://www.cityoftulsa.org/government/departments/park-and-recreation; Playgrounds Available: No; Water Playground Available: No
Whiteside,park,36.10529724882386,-95.93116415133082,Full Address: 4009 S PITTSBURG AVE; Operational Hours: Daylight; Size of Park: 19.09; Website: http://www.cityoftulsa.org/government/departments/park-and-recreation/community-and-specialty-centers/whiteside-community-center; Playgrounds Available: Yes; Water Playground Available: Yes
Route 66 Plaza,park,36.144527850844185,-96.00311404529783,Full Address: 815 S RIVERSIDE DR; Operational Hours: Daylight; Size of Park: 0.5; Website: http://www.cityoftulsa.org/government/departments/park-and-recreation; Playgrounds Available: No; Water Playground Available: No
Graham,park,36.07012988396465,-95.96279544392895,Full Address: 6410 S YORKTOWN AVE; Operational Hours: Daylight; Size of Park: 29.95; Website: http://www.cityoftulsa.org/government/departments/park-and-recreation; Playgrounds Available: Yes; Water Playground Available: No
Rodden,park,36.24214937998853,-95.95158143766639,Full Address: 2646 E 61ST ST N; Operational Hours: Daylight; Size of Park: 7.0; Website: http://www.cityoftulsa.org/government/departments/park-and-recreation; Playgrounds Available: No; Water Playground Available: No
Aaronson,park,36.092966120828414,-95.87940655469556,Full Address: 4807 S 87TH E AVE; Operational Hours: Daylight; Size of Park: 6.0; Website: http://www.cityoftulsa.org/government/departments/park-and-recreation; Playgrounds Available: Yes; Water Playground Available: No
Bullette,park,36.16751477384151,-95.97943874812098,Full Address: 1001 E KING ST; Operational Hours: Daylight; Size of Park: 1.82; Website: http://www.cityoftulsa.org/government/departments/park-and-recreation; Playgrounds Available: Yes; Water Playground Available: No
Veterans Park,park,36.15237873489682,-95.97909066350998,Full Address: 1028 E 6TH ST; Operational Hours: Daylight; Size of Park: 11.65; Website: http://www.cityoftulsa.org/government/departments/park-and-recreation/community-and-specialty-centers/central-center; Playgrounds Available: No; Water Playground Available: No
Lantz,park,36.16714049307577,-95.92240487638976,Full Address: 821 N YALE AVE; Operational Hours: Daylight; Size of Park: 9.24; Website: http://www.cityoftulsa.org/government/departments/park-and-recreation; Playgrounds Available: Yes; Water Playground Available: No
Florence,park,36.13376827744218,-95.94263517598773,Full Address: 1936 S GARY AVE; Operational Hours: Daylight; Size of Park: 1.25; Website: http://www.cityoftulsa.org/government/departments/park-and-recreation; Playgrounds Available: Yes; Water Playground Available: No
Henthorne,park,36.094924220125115,-95.97341837534994,Full Address: 4825 S QUAKER AVE; Operational Hours: Daylight; Size of Park: 7.33; Website: http://www.cityoftulsa.org/government/departments/park-and-recreation; Playgrounds Available: Yes; Water Playground Available: No
Clark,park,36.15996972800535,-95.84686826260719,Full Address: 11440 E ADMIRAL PL; Operational Hours: Daylight; Size of Park: 13.0; Website: http://www.cityoftulsa.org/government/departments/park-and-recreation; Playgrounds Available: Yes; Water Playground Available: No
Crutchfield,park,36.1658614529767,-95.97324480060549,Full Address: 1345 E INDEPENDENCE AVE; Operational Hours: Daylight; Size of Park: 2.06; Website: http://www.cityoftulsa.org/government/departments/park-and-recreation; Playgrounds Available: No; Water Playground Available: No
Dawson,park,36.184298120611274,-95.90924292229202,Full Address: 2035 N KINGSTON PL; Operational Hours: Daylight; Size of Park: 1.41; Website: http://www.cityoftulsa.org/government/departments/park-and-recreation; Playgrounds Available: Yes; Water Playground Available: No
Lloyd,park,36.19527470086045,-95.9620145362687,Full Address: 2121 E 29TH ST N; Operational Hours: Daylight; Size of Park: 5.0; Website: http://www.cityoftulsa.org/government/departments/park-and-recreation; Playgrounds Available: Yes; Water Playground Available: No
McClure,park,36.151484661109826,-95.88906461203182,Full Address: 7440 E 7TH ST; Operational Hours: Daylight; Size of Park: 53.44; Website: http://www.cityoftulsa.org/government/departments/park-and-recreation; Playgrounds Available: Yes; Water Playground Available: No
Maxwell,park,36.17352506781407,-95.91764103640574,Full Address: 5251 E NEWTON ST; Operational Hours: Daylight; Size of Park: 15.16; Website: http://www.cityoftulsa.org/government/departments/park-and-recreation; Playgrounds Available: Yes; Water Playground Available: Yes
Mini Park I,park,36.18314688694413,-95.96158344169639,Full Address: 2118 E UTE ST; Operational Hours: Daylight; Size of Park: 0.81; Website: http://www.cityoftulsa.org/government/departments/park-and-recreation; Playgrounds Available: No; Water Playground Available: No
Newblock,park,36.15025253905625,-96.01190812544533,Full Address: 1710 W CHARLES PAGE BLVD; Operational Hours: Daylight; Size of Park: 84.56; Website: http://www.cityoftulsa.org/government/departments/park-and-recreation; Playgrounds Available: Yes; Water Playground Available: No
Plaza of the Americas,park,36.148026019952205,-95.9928261780652,Full Address: 702 S DENVER AVE; Operational Hours: Daylight; Size of Park: 0.6; Website: http://www.cityoftulsa.org/government/departments/park-and-recreation; Playgrounds Available: No; Water Playground Available: No
Schlegel,park,36.08594316719938,-96.03655787439587,Full Address: 3825 W 53RD PL S; Operational Hours: Daylight; Size of Park: 4.94; Website: http://www.cityoftulsa.org/government/departments/park-and-recreation; Playgrounds Available: Yes; Water Playground Available: Yes
Tracy,park,36.14738285420873,-95.97825575702528,Full Address: 1134 S PEORIA AVE; Operational Hours: Daylight; Size of Park: 3.34; Website: http://www.cityoftulsa.org/government/departments/park-and-recreation; Playgrounds Available: Yes; Water Playground Available: No
Celebration,park,36.132056746795804,-96.00312751110964,Full Address: 1002 W 21ST ST S; Operational Hours: Daylight; Size of Park: 23.21; Website: http://www.cityoftulsa.org/government/departments/park-and-recreation; Playgrounds Available: Yes; Water Playground Available: No
Zeigler,park,36.152301627164015,-96.03631995415739,Full Address: 3903 W 4TH ST S; Operational Hours: Daylight; Size of Park: 23.02; Website: http://www.cityoftulsa.org/government/departments/park-and-recreation; Playgrounds Available: Yes; Water Playground Available: No
Gary,park,36.14510407239519,-95.94145272651238,Full Address: 1225 S GARY PL; Operational Hours: Daylight; Size of Park: 0.48; Website: http://www.cityoftulsa.org/government/departments/park-and-recreation; Playgrounds Available: Yes; Water Playground Available: No
Benton,park,36.17208310791211,-95.90334450102084,Full Address: 1167 N 66TH E AVE; Operational Hours: Daylight; Size of Park: 2.34; Website: http://www.cityoftulsa.org/government/departments/park-and-recreation; Playgrounds Available: Yes; Water Playground Available: No
Boots Adams,park,36.06947166826484,-95.89088419796185,Full Address: 6441 S 76TH E AVE; Operational Hours: Daylight; Size of Park: 8.7; Website: http://www.cityoftulsa.org/government/departments/park-and-recreation; Playgrounds Available: Yes; Water Playground Available: No
Savage Park,park,36.13331807135706,-95.77523395214128,Full Address: 17800 E 21ST ST S; Operational Hours: Daylight; Size of Park: 20.0; Website: http://www.cityoftulsa.org/government/departments/park-and-recreation; Playgrounds Available: No; Water Playground Available: No
Chittom (Clinton),park,36.1789566431681,-95.94406498344783,Full Address: 3121 E QUEEN ST; Operational Hours: Daylight; Size of Park: 10.0; Website: http://www.cityoftulsa.org/government/departments/park-and-recreation; Playgrounds Available: No; Water Playground Available: No
Creek Stickball Park,park,36.1359900404136,-95.98966962269765,Full Address: 1800 S CHEYENNE AVE; Operational Hours: Daylight; Size of Park: 1.87; Website: http://www.cityoftulsa.org/government/departments/park-and-recreation; Playgrounds Available: No; Water Playground Available: No
Holiday Hills,park,36.08267034812882,-95.92919864421512,Full Address: 4111 E 54TH ST; Operational Hours: Daylight; Size of Park: 5.0; Website: http://www.cityoftulsa.org/government/departments/park-and-recreation; Playgrounds Available: No; Water Playground Available: No
Hunter,park,36.03170907028288,-95.91226508376015,Full Address: 5804 E 91ST ST; Operational Hours: Daylight; Size of Park: 80.0; Website: http://www.cityoftulsa.org/government/departments/park-and-recreation; Playgrounds Available: Yes; Water Playground Available: Yes
Manion,park,36.08261422062351,-95.94480399868539,Full Address: 3003 E 56TH ST S; Operational Hours: Daylight; Size of Park: 26.53; Website: http://www.cityoftulsa.org/government/departments/park-and-recreation; Playgrounds Available: Yes; Water Playground Available: Yes
Maple,park,36.140544471358716,-95.9804840398576,Full Address: 404 E 15TH ST S; Operational Hours: Daylight; Size of Park: 7.0; Website: http://www.cityoftulsa.org/government/departments/park-and-recreation; Playgrounds Available: Yes; Water Playground Available: No
Mohawk Soccer Complex,park,36.231458716282695,-95.9356304206806,Full Address: 3000 E 56TH ST N; Operational Hours: Daylight; Size of Park: 320.0; Website: http://www.cityoftulsa.org/government/departments/park-and-recreation; Playgrounds Available: No; Water Playground Available: No
Owen,park,36.15904642263148,-96.00498842534272,Full Address: 560 N MAYBELLE ST; Operational Hours: Daylight; Size of Park: 23.75; Website: http://www.cityoftulsa.org/government/departments/park-and-recreation; Playgrounds Available: Yes; Water Playground Available: Yes
Patrick,park,36.18140317980175,-95.9182235352105,Full Address: 5123 E DAWSON RD; Operational Hours: Daylight; Size of Park: 30.0; Website: http://www.cityoftulsa.org/government/departments/park-and-recreation; Playgrounds Available: Yes; Water Playground Available: No
Riggs,park,36.01748458937633,-95.8735920154532,Full Address: 9207 E 101ST ST; Operational Hours: Daylight; Size of Park: 13.0; Website: http://www.cityoftulsa.org/government/departments/park-and-recreation; Playgrounds Available: Yes; Water Playground Available: No
Rose Dew,park,36.15626016256215,-95.79048963844329,Full Address: 317 S 167TH E AVE; Operational Hours: Daylight; Size of Park: 5.0; Website: http://www.cityoftulsa.org/government/departments/park-and-recreation; Playgrounds Available: Yes; Water Playground Available: No
Swan Lake,park,36.1364283310322,-95.96784852235076,Full Address: 1573 SWAN DR; Operational Hours: Daylight; Size of Park: 4.03; Website: http://www.cityoftulsa.org/government/departments/park-and-recreation; Playgrounds Available: Yes; Water Playground Available: No
Standard Industries Tract,park,36.12446791586045,-96.05166408359361,Full Address: 2726 S 53RD W AVE; Operational Hours: Daylight; Size of Park: 16.53; Website: http://www.cityoftulsa.org/government/departments/park-and-recreation; Playgrounds Available: No; Water Playground Available: No
Ute,park,36.18342123451939,-95.9311616649129,Full Address: 1900 N PITTSBURG AVE; Operational Hours: Daylight; Size of Park: 10.0; Website: http://www.cityoftulsa.org/government/departments/park-and-recreation; Playgrounds Available: No; Water Playground Available: No
Vining,park,36.24697252867556,-95.99360023305374,Full Address: 6502 N CINCINNATI AVE; Operational Hours: Daylight; Size of Park: 6.0; Website: http://www.cityoftulsa.org/government/departments/park-and-recreation; Playgrounds Available: Yes; Water Playground Available: Yes
Woodland View I,park,36.081076917344596,-95.88923961758759,Full Address: 8445 E 58TH PL S; Operational Hours: Daylight; Size of Park: 4.77; Website: http://www.cityoftulsa.org/government/departments/park-and-recreation; Playgrounds Available: No; Water Playground Available: No
Woodward,park,36.13015527970321,-95.97261618112917,Full Address: 2101 S PEORIA AVE; Operational Hours: Daylight; Size of Park: 33.98; Website: http://www.cityoftulsa.org/government/departments/park-and-recreation; Playgrounds Available: Yes; Water Playground Available: No
Heller,park,36.08491206670931,-95.96465852132056,Full Address: 5328 S WHEELING AVE; Operational Hours: Daylight; Size of Park: 16.27; Website: http://www.cityoftulsa.org/government/departments/park-and-recreation; Playgrounds Available: Yes; Water Playground Available: No
Bales,park,36.080267616015924,-96.01172405560983,Full Address: 5801 S UNION AVE; Operational Hours: Daylight; Size of Park: 67.5; Website: http://www.cityoftulsa.org/government/departments/park-and-recreation; Playgrounds Available: No; Water Playground Available: No
Lacy,park,36.18601637266939,-95.97994260297801,Full Address: 2134 N MADISON PL; Operational Hours: Daylight; Size of Park: 13.37; Website: http://www.cityoftulsa.org/government/departments/park-and-recreation/community-and-specialty-centers/lacy-community-center; Playgrounds Available: Yes; Water Playground Available: Yes
Williams,park,36.196919539243915,-95.99755026059613,Full Address: 101 W 28TH ST N; Operational Hours: Daylight; Size of Park: 18.36; Website: http://www.cityoftulsa.org/government/departments/park-and-recreation; Playgrounds Available: Yes; Water Playground Available: No
East Park Tract,park,36.120994526320125,-95.82811402121673,Full Address: 2909 S 132ND E AVE; Operational Hours: Daylight; Size of Park: 14.42; Website: http://www.cityoftulsa.org/government/departments/park-and-recreation; Playgrounds Available: Yes; Water Playground Available: No
Alsuma,park,36.090098464563525,-95.86783868439635,Full Address: 9801 E 51ST ST S; Operational Hours: Daylight; Size of Park: 1.0; Website: http://www.cityoftulsa.org/government/departments/park-and-recreation; Playgrounds Available: No; Water Playground Available: No
Hicks,park,36.11238411315917,-95.86851757363527,Full Address: 3443 S MINGO RD; Operational Hours: Daylight; Size of Park: 20.0; Website: http://www.cityoftulsa.org/government/departments/park-and-recreation/community-and-specialty-centers/hicks-community-center; Playgrounds Available: Yes; Water Playground Available: No
Challenger 7,park,36.10454326794901,-96.0368012762878,Full Address: 3909 W 41ST ST; Operational Hours: Daylight; Size of Park: 19.58; Website: http://www.cityoftulsa.org/government/departments/park-and-recreation; Playgrounds Available: Yes; Water Playground Available: No
Crawford,park,36.18873555866992,-95.98439167028405,Full Address: 2425 N HARTFORD AVE; Operational Hours: Daylight; Size of Park: 24.09; Website: http://www.cityoftulsa.org/government/departments/park-and-recreation; Playgrounds Available: Yes; Water Playground Available: No
Hilti,park,36.089882229639485,-95.84411592413713,Full Address: 12148 E 51ST ST S; Operational Hours: Daylight; Size of Park: 29.3; Website: http://www.cityoftulsa.org/government/departments/park-and-recreation; Playgrounds Available: No; Water Playground Available: No
Lumpkin,park,36.24519553739315,-96.00760418465511,Full Address: 2505 W 66T ST N; Operational Hours: Daylight; Size of Park: 40.0; Website: http://www.cityoftulsa.org/government/departments/park-and-recreation; Playgrounds Available: No; Water Playground Available: No
Mitchell,park,36.11026615997613,-95.91068951880354,Full Address: 5949 E 36TH PL; Operational Hours: Daylight; Size of Park: 6.49; Website: http://www.cityoftulsa.org/government/departments/park-and-recreation; Playgrounds Available: No; Water Playground Available: No
North 56th St Tract,park,36.2362248076398,-95.93598246845868,Full Address: 3435 E 56TH ST N; Operational Hours: Daylight; Size of Park: 3.03; Website: http://www.cityoftulsa.org/government/departments/park-and-recreation; Playgrounds Available: No; Water Playground Available: No
Penney,park,36.14893807994885,-96.04711537763667,Full Address: 531 S 49TH W AVE; Operational Hours: Daylight; Size of Park: 1.28; Website: http://www.cityoftulsa.org/government/departments/park-and-recreation; Playgrounds Available: Yes; Water Playground Available: No
Springdale,park,36.17721633219439,-95.96049530048849,Full Address: 2223 E PINE ST; Operational Hours: Daylight; Size of Park: 9.53; Website: http://www.cityoftulsa.org/government/departments/park-and-recreation; Playgrounds Available: Yes; Water Playground Available: No
Terrace,park,36.12467802424342,-95.8891300009854,Full Address: 2877 S 77TH E AVE; Operational Hours: Daylight; Size of Park: 20.0; Website: http://www.cityoftulsa.org/government/departments/park-and-recreation; Playgrounds Available: Yes; Water Playground Available: No
Gunboat North,park,36.14717231514399,-95.98121559349492,Full Address: 1122 S FRANKFORT AVE; Operational Hours: Daylight; Size of Park: 0.25; Website: http://www.cityoftulsa.org/government/departments/park-and-recreation; Playgrounds Available: No; Water Playground Available: No
Adams,park,36.17952639427463,-95.95554745206066,Full Address: 1627 N ATLANTA PL; Operational Hours: Daylight; Size of Park: 0.6; Website: http://www.cityoftulsa.org/government/departments/park-and-recreation; Playgrounds Available: No; Water Playground Available: No
Carbondale,park,36.09303485346629,-96.02398957904055,Full Address: 2802 W 48TH ST S; Operational Hours: Daylight; Size of Park: 1.91; Website: http://www.cityoftulsa.org/government/departments/park-and-recreation; Playgrounds Available: Yes; Water Playground Available: No
Leake,park,36.05756512511081,-95.88892786818636,Full Address: 7714 E 71ST ST; Operational Hours: Daylight; Size of Park: 23.0; Website: http://www.cityoftulsa.org/government/departments/park-and-recreation; Playgrounds Available: Yes; Water Playground Available: No
Mohawk Park,park,36.21347628625588,-95.90509097689628,Full Address: 5701 E 36TH ST N; Operational Hours: Daylight; Size of Park: 3170.0; Website: http://www.cityoftulsa.org/government/departments/park-and-recreation; Playgrounds Available: Yes; Water Playground Available: No
"Franklin, BC",park,36.18419557522202,-95.9668872054492,Full Address: 1818 E VIRGIN AVE; Operational Hours: Daylight; Size of Park: 16.44; Website: http://www.cityoftulsa.org/government/departments/park-and-recreation; Playgrounds Available: Yes; Water Playground Available: No
Redbud Valley Nature Preserve,park,36.22012572125719,-95.79773451786217,Full Address: 16150 REDBUD DR; Operational Hours: Daylight; Size of Park: 82.0; Website: http://www.cityoftulsa.org/government/departments/park-and-recreation/community-and-specialty-centers/oxley-nature-center-and-redbud-valley; Playgrounds Available: No; Water Playground Available: No
Johnson H.B.,park,36.137382309377834,-95.84007742826522,Full Address: 1714 S 123RD E AVE; Operational Hours: Daylight; Size of Park: 5.0; Website: http://www.cityoftulsa.org/government/departments/park-and-recreation; Playgrounds Available: No; Water Playground Available: No
Fred Johnson,park,36.077190151260325,-95.98033031923697,Full Address: 6002 S RIVERSIDE RD; Operational Hours: Daylight; Size of Park: 32.8; Website: http://www.cityoftulsa.org/government/departments/park-and-recreation; Playgrounds Available: Yes; Water Playground Available: No
Johnson Paul,park,36.0563584671375,-95.93101455047837,Full Address: 7433 S PITTSBURG AVE; Operational Hours: Daylight; Size of Park: 10.0; Website: http://www.cityoftulsa.org/government/departments/park-and-recreation; Playgrounds Available: No; Water Playground Available: No
Gathering Place,park,36.12448242026168,-95.98434149272822,Full Address: 2650 S John Williams Way E; Operational Hours: Daylight; Size of Park: 1.0; Website: http://www.gatheringplace.org/; Playgrounds Available: Yes; Water Playground Available: Yes
Central,park,36.163010800679686,-96.02624735671371,Full Address: 3101 W Edison St; Playgrounds Available: No; Water Playground Available: No
Street,park,36.146526659638845,-95.9216527492955,Full Address: 1135 S Yale Ave; Playgrounds Available: No; Water Playground Available: No
Dual Language Academy,park,36.19359744156479,-95.96117654139837,Full Address: 2703 N Yorktown Pl; Playgrounds Available: Yes; Water Playground Available: No
Mclain,park,36.22554367233951,-95.97517415722783,Full Address: 4929 N Peoria Ave; Playgrounds Available: No; Water Playground Available: No
Traice Academy Middle & High,park,36.21277824782842,-95.94998750480198,Full Address: 2740 E 41st St N; Playgrounds Available: No; Water Playground Available: No
Project Accept Traice Elementary,park,36.17340014318793,-96.00530401209,Full Address: 1205 W Newton St; Playgrounds Available: Yes; Water Playground Available: No
Memorial,park,36.081753483865725,-95.89345595783763,Full Address: 7502 E 57th St; Playgrounds Available: No; Water Playground Available: No
Tulsa Met Jr. High & High,park,36.18483143048219,-95.90666651273762,Full Address: 6201 E Virgin St; Playgrounds Available: No; Water Playground Available: No
Eisenhower International,park,36.08313121194205,-95.94343901568931,Full Address: 3111 E 56th St; Playgrounds Available: Yes; Water Playground Available: No
Grimes,park,36.082897114831745,-95.94117612381473,Full Address: 3213 E 56th St; Playgrounds Available: Yes; Water Playground Available: No
Zarrow International,park,36.111022379644396,-95.91298203717056,Full Address: 3613 S Hudson Ave; Playgrounds Available: Yes; Water Playground Available: No
Robertson,park,36.09213988176355,-96.02346500556759,Full Address: 2721 W 50th St; Playgrounds Available: Yes; Water Playground Available: No
Salk,park,36.08141126298139,-95.89139328968382,Full Address: 7625 E 58th St; Playgrounds Available: Yes; Water Playground Available: No
Disney,park,36.12731038947953,-95.84463280737171,Full Address: 11702 E 25th St; Playgrounds Available: Yes; Water Playground Available: No
Skelly (PreK - 1st),park,36.1218887328183,-95.87543612253026,Full Address: 2714 S 90th Ave E; Playgrounds Available: Yes; Water Playground Available: No
Skelly (2nd - 6th),park,36.119801305820324,-95.87543577749233,Full Address: 2940 S 90th Ave E; Playgrounds Available: Yes; Water Playground Available: No
Anderson,park,36.195472989717636,-95.96398696253121,Full Address: 1921 E 29th St N; Playgrounds Available: Yes; Water Playground Available: No
Hawthorne,park,36.20337697834882,-95.97609276302697,Full Address: 1105 E 33rd St N; Size of Park: 5.73; Playgrounds Available: Yes; Water Playground Available: No
Wayman Tisdale Fine Arts Academy,park,36.15768060689646,-96.03991704462712,Full Address: 4132 W Cameron St; Playgrounds Available: Yes; Water Playground Available: No
Mark Twain,park,36.149308868646216,-96.04002093225719,Full Address: 541 S 43rd Ave W; Playgrounds Available: Yes; Water Playground Available: No
Macarthur,park,36.13038439841495,-95.89595693404497,Full Address: 2182 S 73rd Ave E; Playgrounds Available: Yes; Water Playground Available: No
Gilcrease,park,36.23457735396061,-95.99453570807303,Full Address: 5550 N Martin Luther King Jr Blvd; Size of Park: 342.41; Playgrounds Available: Yes; Water Playground Available: No
ECDC Bunche,park,36.231015086986105,-95.99399686836003,Full Address: 5402 N Martin Luther King Jr Blvd; Playgrounds Available: Yes; Water Playground Available: No
Academy Central,park,36.180771081205144,-96.01239623403647,Full Address: 1789 W Seminole St; Playgrounds Available: Yes; Water Playground Available: No
Burroughs,park,36.18299685215046,-95.99523242149844,Full Address: 1924 N Martin Luther King Jr Blvd; Playgrounds Available: Yes; Water Playground Available: No
Mayo Demonstration,park,36.146913576515445,-95.95065327039492,Full Address: 1127 S Columbia Ave; Playgrounds Available: Yes; Water Playground Available: No
Arts & Sciences @ Roosevelt,park,36.15804628952856,-96.00531801260416,Full Address: 1202 W Easton St; Playgrounds Available: No; Water Playground Available: No
McClure Elementary School,park,36.07394087972432,-95.96332282782284,Full Address: 1770 E 61st St; Playgrounds Available: Yes; Water Playground Available: No
Marshall,park,36.08191138954029,-95.97765112750814,Full Address: 1142 E 56th St; Playgrounds Available: Yes; Water Playground Available: No
Patrick Henry,park,36.10381332359431,-95.93535587662342,Full Address: 3820 E 41st St; Playgrounds Available: Yes; Water Playground Available: No
Wright,park,36.097648647784794,-95.97827172881055,Full Address: 1110 E 45th Pl; Size of Park: 4.66; Playgrounds Available: Yes; Water Playground Available: No
Eliot,park,36.11109910431344,-95.97169375530129,Full Address: 1442 E 36th St; Playgrounds Available: Yes; Water Playground Available: No
Penn,park,36.22407420017899,-95.96116131954354,Full Address: 2138 E 48th St N; Playgrounds Available: Yes; Water Playground Available: No
Whitman,park,36.21034698739082,-95.98227875687347,Full Address: 3924 N Lansing Ave; Playgrounds Available: Yes; Water Playground Available: No
Mitchell,park,36.165790201254985,-95.89506735188326,Full Address: 733 N 73rd Ave E; Size of Park: 6.49; Playgrounds Available: Yes; Water Playground Available: No
McKinley,park,36.16954386703323,-95.90101319708769,Full Address: 6703 E King St; Playgrounds Available: Yes; Water Playground Available: No
Bell,park,36.15947694871387,-95.90682284752796,Full Address: 6304 E Admiral Blvd; Playgrounds Available: Yes; Water Playground Available: No
Springdale,park,36.17625479292456,-95.95574131442336,Full Address: 2510 E Pine St; Size of Park: 9.53; Playgrounds Available: Yes; Water Playground Available: No
Unity Learning Academy,park,36.18530154749873,-95.93087936567727,Full Address: 2137 N Pittsburg Ave; Playgrounds Available: Yes; Water Playground Available: No
Celia Clinton,park,36.180299558219694,-95.94169483006547,Full Address: 1740 N Harvard Ave; Playgrounds Available: Yes; Water Playground Available: No
Owen,park,36.17053522131245,-95.92523894185751,Full Address: 1132 N Vandalia Ave; Size of Park: 23.75; Playgrounds Available: Yes; Water Playground Available: No
Hamilton,park,36.18769236665235,-95.90667262467134,Full Address: 2316 N Norwood Pl; Playgrounds Available: Yes; Water Playground Available: No
Tulsa Honor @ Bell Primary,park,36.15849432334889,-95.90876157216034,Full Address: 209 S Lakewood Ave; Playgrounds Available: Yes; Water Playground Available: No
Carnegie,park,36.08292300086035,-95.92905430066429,Full Address: 4309 E 56th St; Playgrounds Available: Yes; Water Playground Available: No
Hoover,park,36.12933113788937,-95.91735908298938,Full Address: 2327 S Darlington Ave; Playgrounds Available: Yes; Water Playground Available: No
Key,park,36.08105038139961,-95.91219484981546,Full Address: 5702 S Irvington Ave; Playgrounds Available: Yes; Water Playground Available: No
Lanier,park,36.136381547995384,-95.94002960461263,Full Address: 1727 S Harvard Ave; Playgrounds Available: Yes; Water Playground Available: No
Council Oak,park,36.13424122385743,-95.98376756867015,Full Address: 1920 S Cincinnati Ave; Playgrounds Available: Yes; Water Playground Available: No
Jones,park,36.140274538537774,-95.89626820838035,Full Address: 1515 S 71st Ave E; Playgrounds Available: Yes; Water Playground Available: No
Dolores Huerta,park,36.12459371062193,-95.85865348541464,Full Address: 10620 E 27th St; Playgrounds Available: Yes; Water Playground Available: No
Peary,park,36.13731230472252,-95.85594999124282,Full Address: 10818 E 17th St; Playgrounds Available: Yes; Water Playground Available: No
Cooper,park,36.136687361225,-95.84062186117772,Full Address: 1808 S 123rd Ave E; Playgrounds Available: Yes; Water Playground Available: No
Lindbergh,park,36.149001158226106,-95.87720906483557,Full Address: 931 S 89th Ave E; Playgrounds Available: Yes; Water Playground Available: No
Kerr,park,36.156966509611266,-95.84766538973706,Full Address: 202 S 117th Ave E; Playgrounds Available: Yes; Water Playground Available: No
Sequoyah,park,36.16531246932347,-95.95470946431485,Full Address: 724 N Birmingham Ave; Size of Park: 10.16; Playgrounds Available: Yes; Water Playground Available: No
Rogers College,park,36.154249417653034,-95.93383011864624,Full Address: 3909 E 5th Pl; Playgrounds Available: No; Water Playground Available: No
Webster,park,36.10605214511346,-96.01519648017783,Full Address: 1919 W 40th St; Playgrounds Available: No; Water Playground Available: No
Memorial,park,36.07986160671451,-95.91487271566616,Full Address: 5840 S Hudson Ave; Playgrounds Available: No; Water Playground Available: No
Washington,park,36.18873727835586,-95.9708448558089,Full Address: 1514 E Zion St; Playgrounds Available: No; Water Playground Available: No
Edison Preparatory,park,36.10392570334017,-95.94613032303485,Full Address: 2906 E 41st St; Playgrounds Available: No; Water Playground Available: No
Hale,park,36.13220444648304,-95.89673353304013,Full Address: 6960 E 21st St; Playgrounds Available: No; Water Playground Available: No
East Central,park,36.147238228376246,-95.84124116462701,Full Address: 12150 E 11th St; Playgrounds Available: No; Water Playground Available: No
Clinton West,park,36.103475086470525,-96.01814489015108,Full Address: 2224 W 41st St; Playgrounds Available: Yes; Water Playground Available: No
Hale,park,36.130270810788545,-95.89872137281392,Full Address: 2177 S 67th Ave E; Playgrounds Available: No; Water Playground Available: No
Carver,park,36.175731199447796,-95.98519820158873,Full Address: 624 E Oklahoma Pl; Playgrounds Available: No; Water Playground Available: No
Kipp Tulsa College Preparatory @ Woods,park,36.18511440785883,-95.96935189666374,Full Address: 1661 E Virgin St; Playgrounds Available: No; Water Playground Available: No
Mclain Seventh Grade Academy,park,36.22079931857511,-95.9882105755441,Full Address: 525 E 46th St N; Playgrounds Available: No; Water Playground Available: No
Monroe Demonstration Academy,park,36.223738902139296,-95.96406086942677,Full Address: 2010 E 48th St N; Playgrounds Available: Yes; Water Playground Available: No
East Central,park,36.13417664159379,-95.84036197076124,Full Address: 12121 E 21st St; Playgrounds Available: No; Water Playground Available: No
Thoreau Demonstration Academy,park,36.06017800217449,-95.89211251551185,Full Address: 7370 E 71st St; Playgrounds Available: No; Water Playground Available: No
Phoenix Rising,park,36.16294429892453,-95.93865589900143,Full Address: 3441 E Archer St; Playgrounds Available: Yes; Water Playground Available: No
College Bound @ Eastside,park,36.12560430001481,-95.86372623864956,Full Address: 2525 S 101st Ave E; Playgrounds Available: Yes; Water Playground Available: No
Tulsa Legacy: Primary Academy @ Greeley,park,36.245225335535785,-95.9944951028905,Full Address: 105 E 63rd St N; Playgrounds Available: Yes; Water Playground Available: No
Tulsa Legacy: Upper Academy @ Cherokee,park,36.24015391536498,-95.9751001121761,Full Address: 6001 N Peoria Ave; Playgrounds Available: Yes; Water Playground Available: No
Grissom,park,36.06651154771444,-95.89573485025346,Full Address: 6646 S 73rd Ave E; Playgrounds Available: Yes; Water Playground Available: No
Emerson,park,36.16725265660108,-95.99553415414039,Full Address: 910 N Martin Luther King Jr Blvd; Playgrounds Available: Yes; Water Playground Available: No
